{
    "keep": {
        "days": false,
        "amount": 30
    },
    "auditLog": "C:\\Users\\mdzhs\\Downloads\\ASU downlaods\\New folder\\mark's code 2\\FullStack-Ecommerce-website\\server\\src\\utils\\logs\\debug\\.fd2d57cbb826c7b8b039c1af0d47bc9e02a4776d-audit.json",
    "files": [
        {
            "date": 1746658038373,
            "name": "C:\\Users\\mdzhs\\Downloads\\ASU downlaods\\New folder\\mark's code 2\\FullStack-Ecommerce-website\\server\\src\\utils\\logs\\debug\\2025-05-08.log",
            "hash": "61c9c8b01e7463f1ab619b6abd20f82e29dff3709b499bf36c6d406182eb9e69"
        }
    ],
    "hashType": "sha256"
}