{
    "keep": {
        "days": false,
        "amount": 30
    },
    "auditLog": "C:\\Users\\mdzhs\\Downloads\\ASU downlaods\\New folder\\mark's code 2\\FullStack-Ecommerce-website\\server\\src\\utils\\logs\\error\\.f67ce4895a8dc5f0a365941061d28d992050695d-audit.json",
    "files": [
        {
            "date": 1746658038379,
            "name": "C:\\Users\\mdzhs\\Downloads\\ASU downlaods\\New folder\\mark's code 2\\FullStack-Ecommerce-website\\server\\src\\utils\\logs\\error\\2025-05-08.log",
            "hash": "bfdf59b320ba7a23398e47f6346cde56dded3031e36ca7cda369f8c3518a2521"
        }
    ],
    "hashType": "sha256"
}